code,Unused?,glb,eng,epo,deu,fra,rus,spa,zho,nld,fry,por
Original Codes,FALSE,,,,,,,,,,,
App Name,FALSE,,Globasa Dictionary,Globasa Vortaro,,Dictionnaire globasa,,Diccionario de Globasa,,Globasa-woordenboek,Globasa-wurdboek,Dicion√°rio de Globasa
Missing Interface Text Translation,FALSE,,[Missing Translation],[Teksto ankora≈≠ ne tradukita],,[Texte encore non traduit],,[Texto a√∫n sin traducir],,[Ontbrekende vertaling],[Untbrekkende oersetting],[Texto sem tradu√ß√£o]
"Side Bar, Menu, Footer",FALSE,,,,,,,,,,,
search natlang placeholder,FALSE,,English Search,Esperanto-lingva serƒâo,,Recherche en fran√ßais,,B√∫squeda en espa√±ol,,Zoeken in het Nederlands,Sykje yn it Frysk,
search worldlang placeholder,FALSE,,Globasa Search,Globasa-lingva serƒâo,,Recherche en globasa,,B√∫squeda en Globasa,,Zoeken in het Globasa,Sykje yn it Globasa,
search button,FALSE,,Search,Serƒâi,,Rechercher,,Buscar,,Zoeken,Sykje,
word classes link,FALSE,,Word Classes,Vortospecoj,,Natures des mots,,Clases de palabras,,,,
random word button,FALSE,,Random Word,Hazarda vorto,,Mot au hasard,,Palabra al azar,,Willekeurig woord,Willekeurich wurd,
all words button,FALSE,,Vocabulary Lists,Vortlistoj,,Listes de vocabulaire,,Listas de vocabulario,,Woordenlijsten,Wurdlisten,
tools button,FALSE,,Admin Tools,Estraraj Iloj,,Outils d‚Äôadministration,,Herramientas administrativas,,,,
globasa link,FALSE,,Globasa,Globasa,,Globasa,,Globasa,,Globasa,Globasa,
github link,FALSE,,GitHub,GitHub,,GitHub,,GitHub,,GitHub,GitHub,
report link,FALSE,,Report problems,Atentigi pri problemo,,Signaler un probl√®me,,Reportar problemas,,,,
api link,FALSE,,API,API,,API,,API,,API,API,
Entry view,FALSE,,,,,,,,,,,
entry translation missing,FALSE,,[Missing Translation],[Teksto ankora≈≠ ne tradukita],,[Texte encore non traduit],,[Texto a√∫n sin traducir],,,,
derived word list,FALSE,,Derived Words:,Kunmetitaj Vortoj:,,,,Palabras Derivadas:,,,,
synonym sentence,FALSE,,Synonym: %1$s,Sinonimo: %1$s,,<strong>Synonyme</strong>‚ÄØ: %1$s,,Sin√≥nimo: %1$s,,,,
synonyms sentence,FALSE,,Synonyms: %1$s,Sinonimoj: %1$s,,<strong>Synonymes</strong> : %1$s,,Sin√≥nimos: %1$s,,,,
antonym sentence,FALSE,,Antonym: %1$s,Antonimo: %1$s,,<strong>Antonyme</strong> : %1$s,,Ant√≥nimo: %1$s ,,,,
antonyms sentence,FALSE,,Antonyms: %1$s,Antonimoj: %1$s,,<strong>Antonymes</strong> : %1$s,,Ant√≥nimos: %1$s,,,,
Example,FALSE,,Example: %1$s,Ekzemplo: %1$s,,<strong>Exemple</strong>‚ÄØ: <em>%1$s</em>,,Ejemplo: %1$s,,,,
Word Link,FALSE,,word link,ligilo al vorto,,lien du mot,,enlace de palabra,,woordlink,wurdkeppeling,link da palavra
ipa link,TRUE,,pronunciation,prononco,,√âcouter,,pronunciaci√≥n,,,,
Etymology,FALSE,,Etymology: %1$s,Etimologio: %1$s,,<strong>√âtymologie</strong>: %1$s,,Etimolog√≠a: %1$s,,<strong>Etimologie</strong>: %1$s,<strong>Etimology</strong>: %1$s,Etimologia: %1$s
entry etymology header,TRUE,,Etymology,Etimologio,,<strong>√âtymologie</strong>: %1$s,,Etimolog√≠a,,,,
entry etymology a priori text,FALSE,,a priori,apriora,,,,a priori,,,,
entry etymology kwasilexi header,FALSE,,Onomatopoeia,Onomatopeo,,,,Onomatopeya,,,,
entry etymology am oko header,FALSE,,See,Vidu,,,,Ver,,,,
entry etymology am kompara header,FALSE,,Compare with,Komparu kun,,,,Comparar con,Etimolog√≠a: %1$s,,,
entry etymology link,FALSE,,See external link.,Vidu ekstera ligilo.,,Voir lien externe,,V√©ase enlace externo.,,,,
etymology link,FALSE,,See external link.,Vidu ekstera ligilo.,,Voir lien externe,,V√©ase enlace externo.,,,,
entry natlang similar header,FALSE,,Etymological support,Etimologia apogo,Etimologio: %1$s,,<strong>√âtymologie</strong>: %1$s,Respaldo etimol√≥gico,,,,
natlang search title bar,FALSE,,English ü°í Globasa,Esperanto ü°í Globasa,,Fran√ßais ü°í Globasa,,espa√±ol ü°í Globasa,,,,
tags title,FALSE,,Vocabulary Lists,Vortlistoj,,Listes de vocabulaire,,Listas de vocabulario,,,,
single tag view,FALSE,,Vocabulary List,Vortlisto,,Liste de vocabulaire,,Lista de vocabulario,,,,
tags links,FALSE,,Vocabulary Lists: %1$s,Vortlistoj: %1$s,,<strong>Listes de vocabulaire</strong>‚ÄØ: %1$s,,Listas de vocabulario: %1$s,,,,
tags random word,FALSE,,Random Word,Hazarda vorto,,,,Palabra al azar,,,,
entry note am oko,FALSE,,See,Vidu,,,,Ver,,,,
entry note kurto lexi,FALSE,,Short word for,Mallonga vorto por,,,,Palabra corta para,,,,
entry note kompara,FALSE,,Compare meaning with,Komparu signifon kun,,,,Comparar significado con,,,,
entry note Am oko tabellexi,TRUE,,See [Correlatives](https://xwexi.globasa.net/eng/gramati/tabellexi),Vidu [Korelativoj](https://xwexi.globasa.net/epo/gramati/tabellexi),,,,Ver [Correlativos](https://xwexi.globasa.net/spa/gramati/tabellexi),,,,
entry note gramati,FALSE,,See,Vidu,,,,Ver,,,,
entry note gramati inharelexi,FALSE,,Content Words,Enhavaj Vortoj,,,,Palabras de contenido,,,,
entry note gramati tabellexi,FALSE,,Correlatives,Korelativoj,,,,Correlativos,,,,
entry note Nota,TRUE,,"? Nothing needed for this? Just show the note? Ugh, but it would be uniligual. I see why this seemed confusing. Hm.",,,,,,,,,
entry rhymes header,FALSE,,Rhyming Words not Ending in %1$s,Rimantaj Vortoj ne Finiƒùintaj per %1$s,,,,Palabras que Riman no Terminadas en %1$s,,,,
Natlang stats,FALSE,,,,,,,,,,,
natlangs title,FALSE,,Etymological Stats,Etimologiaj Statistikoj,,,,Estad√≠sticas Etimol√≥gicas,,,,
natlangs language view title,FALSE,,%1$s,%1$s,,,,%1$s,,,,
Tools,FALSE,,,,,,,,,,,
homonym terminator title,FALSE,,Find homonyms,Serƒâado de homonimoj,,Recherche d‚Äôhomonymes,,Busqueda de hom√≥nimos,,,,
homonym terminator description,FALSE,,Find identical word pairs that would be generated with the introduction of candidate root word.,Trovu parojn de samformaj vortoj kiuj ekzistus per la aldono de nova kandidata radiko.,,D√©tecte des paires de mots identiques qui seraient cr√©√©es en introduisant une nouvelle racine potentielle.,,Encuentre pares de palabras id√©nticas que se generar√≠an al aprobar la palabra ra√≠z candidata. ,,,,
homonym terminator new placeholder,FALSE,,Enter candidate word,Entajpu kandidatan vorton,,Saisir le mot potentiel,,Introducir palabra candidata,,,,
homonym terminator new button,FALSE,,Find pairs,Trovi parojn,,Trouver les paires,,Encontrar pares,,,,
homonym terminator conflicting msg,FALSE,,conflicting words:,konfliktaj vortoj:,,mots en conflit‚ÄØ:,,Palabras en conflicto:,,,,
homonym terminator none found,TRUE,,No potential homonyms detected,Neniu ebla homonimo detektita,,Aucun homonyme potentiel d√©tect√©,,No se detect√≥ ning√∫n posible hom√≥nimo.,,,,
homonym terminator word exists title,TRUE,,Already exists,Jam ekzistanta.,,D√©j√† existant.,,Ya existe,,,,
homonym terminator word exists,TRUE,,The word %1$s already exists.,La vorto %1$s jam ekzistas.,,Le mot %1$s existe d√©j√†.,,La palabra %1$s ya existe.,,,,
minimum pair title,FALSE,,Find minimal pairs,Serƒâado de minimumaj paroj,,Recherche de paires minimales,,Busqueda de pares m√≠nimos,,,,
minimum pair description,FALSE,,Find words that are too similar to candidate root word.,Trovu vortojn kiuj estas tro similaj al kandidata radiko.,,D√©tecte des monts qui sont trop proches de la nouvelle racine potentielle.,,Encuentre palabras que sean demasiado similares a la palabra ra√≠z candidata. ,,,,
minimum pair new placeholder,FALSE,,Enter candidate word,Entajpu kandidatan vorton,,Saisir le mot potentiel,,Introducir palabra candidata,,,,
minimum pair new button,FALSE,,"Generate pairs
",Generi parojn,,Trouver les paires.,,Generar pares,,,,
minimum pair result diff,FALSE,,Pairs with a difference of %1$s letter(s):,Paroj kun malsameco de %1$s litero(j):,,Paires avec une diff√©rence de %1$s lettre(s)‚ÄØ:,,Pares con una diferencia de %1$s letra(s):,,,,
candidate check title,FALSE,,Candidate Word Check,Kontrolo de kandidata vorto,,V√©rification du mot potentiel,,Probar palabra candidata,,,,
candidate check placeholder,FALSE,,Candidate Word,Kandidata vorto,,Mot potentiel,,Palabra candidata,,,,
candidate check button,FALSE,,Check,Kontroli,,V√©rifier,,Probar ,,,,
candidate check description,FALSE,,Check for homonyms or minimal pairs.,Kontrolado pri homonimoj a≈≠ minimumaj paroj,,V√©rification d‚Äôhomonymes et de paires minimales.,,Prueba de posibles hom√≥nimos o pares m√≠nimos.,,,,
none found,FALSE,,None found,Neniu trovita,,Rien trouv√©,,Ninguno ,,,,
translation aide title,FALSE,,Translation Aide,Tradukohelpilo,,Aide √† la traduction,,Asistente de traducci√≥n,,,,
translation aide description,FALSE,,Experimental translation aide. Enter Globasa text and this tool will look up each word. Good for getting the translation for each word in an entire sentence or paragraph at once.,Eksperimenta traduka helpilo. Entajpu tekston en Globasa lingvo kaj la ilo serƒâos ƒâiujn vortojn. Bona ilo por tuj ekhavi tradukon de ƒâiuj vortoj en frazo a≈≠ paragrafo en unu fojo. ,,En phase exp√©rimentale. Saisissez un texte en globasa et cet outil recherchera les traductions de chaque mot. C‚Äôest un bon moyen d‚Äôavoir toutes les traductions au sein d‚Äôune phrase ou d‚Äôun paragraphe en une seule fois.,,Asistente de traducci√≥n experimental. Introduzca el texto en Globasa y esta herramienta buscar√° cada palabra. La herramienta sirve para obtener la traducci√≥n de cada palabra en una oraci√≥n o p√°rrafo completo a la vez. ,,,,
translation aide translate button,FALSE,,Get translations,Ekhavi tradukojn,,Obtenir les traductions,,Obtener traducciones,,,,
ipa converter title,FALSE,,IPA Converter,Konvertilo al IFA,,,,Convertidor de AFI,,,,
ipa converter description,FALSE,,Convert Globasa text into IPA for text-to-speech applications.,Konvertu Globasan tekston al IFA por teksto-al-parolaj aplikoj.,,,,Convierta texto en Globasa en AFI para aplicaciones de texto a voz.,,,,
ipa converter instructions,FALSE,,Enter the Globasa text below and click convert for IPA:,,,,,,,,,
ipa converter input placeholder,FALSE,,Enter Globasa text here.,,,,,,,,,
ipa converter button,FALSE,,Convert to IPA,,,,,,,,,
ipa converter-ssml button,FALSE,,Convert to SSML,,,,,,,,,
ipa converter output label,FALSE,,Text in IPA:,,,,,,,,,
ipa converter ipa placeholder,FALSE,,IPA transliteration will appear here.,,,,,,,,,
Search view,FALSE,,,,,,,,,,,
search result title,FALSE,,Search Results,Serƒâorezultoj,,R√©sultats de recherche,,Resultados de busqueda,,,,
no matches found,FALSE,,No words match your search.,Neniu vorto kongruis kun via serƒâo.,,Aucun mot ne correspond √† votre recherche.,,Ninguna palabra coincide con su b√∫squeda. ,,,,
index view,FALSE,,,,,,,,,,,
Feedback View,FALSE,,,,,,,,,,,
feedback title,FALSE,,Feedback / Report,Reteja atentigo,,Commentaires,,Comentario / Reporte,,,,
email?,FALSE,,Your email:,Via retpo≈ùtadreso:,,Votre m√©l‚ÄØ:,,Su direcci√≥n de correo electr√≥nico,,,,
subject?,FALSE,,Subject:,Temo:,,Sujet‚ÄØ:,,Asunto,,,,
message?,FALSE,,Your message:,Via mesaƒùo:,,Votre courriel‚ÄØ:,,Mensaje,,,,
feedback send button,FALSE,,Send,Sendi,,Envoyer,,Enviar,,,,
feedback site error,FALSE,,Website tech error,Teknologia eraro,,Erreur sur le site internet,,Error de tecnolog√≠a,,,,
feedback lang sug,FALSE,,Website content error,Enhava eraro,,Suggestion linguistique,,Error de contenido,,,,
feedback other,FALSE,,Other / not sure,Alia / ne certa,,Autre / incertain,,Otro ,,,,
Alphabetical Dictionary View,FALSE,,,,,,,,,,,
browse title,FALSE,,Alphabetical Dictionary,Alfabeta Vortaro,,,,Diccionario alfab√©tico,,,,
browse filters header,FALSE,,Filters,Filtroj,,,,Filtros,,,,
browse filter by letter header,FALSE,,First letter,Unua litero,,,,Primera letra,,,,
browse filter by class header,FALSE,,Word class,,,,,,,,,
browse filter by category header,TRUE,,Entry Category,Era Kategorio,,,,Categor√≠a de entrada,,,,
Linguistic terms,FALSE,,,,,,,,,,,
affix,FALSE,,affix,afikso,,,,afijo,,,,
affixes,TRUE,,affixes,,,,,,,,,
root,FALSE,,root word,radiko,,,,palabra ra√≠z,,,,
roots,TRUE,,roots,,,,,,,,,
proper noun,FALSE,,proper word,propra vorto,,,,palabra propia,,,,
proper word,FALSE,,proper word,propra vorto,,,,palabra propia,,,,
proper nouns,TRUE,,proper nouns,,,,,,,,,
phrase,FALSE,,phrase,frazero,,,,frase,,,,
phrases,FALSE,,phrases,,,,,,,,,
derived word,FALSE,,derived word,kunmetaƒµo,,,,palabra derivada,,,,
derived words,TRUE,,derived,,,,,,,,,
category all,FALSE,,all,ƒâiuj,,,,todas,,,,
letter all,FALSE,,all,ƒâiuj,,,,todas,,,,
Site Configuration Strings,,,,,,,,,,,,
,,,,,,,,,,,,
site_name_full,,,Menalari fe Globasa,Menalari fe Globasa,,,,Menalari fe Globasa,,,,
site_name_short,,,Globasa,Globasa,,,,Globasa,,,,
site_slogan,,,Basa de Globayen,Basa de Globayen,,,,Basa de Globayen,,,,
site_owner,,,Team Globasa,Team Globasa,,,,Team Globasa,,,,
site_lang,,,Globasa,Globasa,,,,Globasa,,,,
,,,,,,,,,,,,
,,,,,,,,,,,,
,,,,,,,,,,,,
,,,,,,,,,,,,
,,,,,,,,,,,,
,,,,,,,,,,,,
,,,,,,,,,,,,
,,,,,,,,,,,,
,,,,,,,,,,,,
,,,,,,,,,,,,
,,,,,,,,,,,,
,,,,,,,,,,,,
,,,,,,,,,,,,
,,,,,,,,,,,,
,,,,,,,,,,,,
,,,,,,,,,,,,
,,,,,,,,,,,,
,,,,,,,,,,,,
,,,,,,,,,,,,
,,,,,,,,,,,,
,,,,,,,,,,,,
,,,,,,,,,,,,
,,,,,,,,,,,,
,,,,,,,,,,,,
,,,,,,,,,,,,
,,,,,,,,,,,,
,,,,,,,,,,,,
,,,,,,,,,,,,
,,,,,,,,,,,,
,,,,,,,,,,,,
,FALSE,,,,,,,,,,,
,FALSE,,,,,,,,,,,
,FALSE,,,,,,,,,,,
,FALSE,,,,,,,,,,,
,FALSE,,,,,,,,,,,
,FALSE,,,,,,,,,,,
,FALSE,,,,,,,,,,,
,FALSE,,,,,,,,,,,
,FALSE,,,,,,,,,,,
,FALSE,,,,,,,,,,,
,FALSE,,,,,,,,,,,
,FALSE,,,,,,,,,,,
,FALSE,,,,,,,,,,,
,FALSE,,,,,,,,,,,
,FALSE,,,,,,,,,,,
,FALSE,,,,,,,,,,,
,FALSE,,,,,,,,,,,
,FALSE,,,,,,,,,,,
,FALSE,,,,,,,,,,,
,FALSE,,,,,,,,,,,
,FALSE,,,,,,,,,,,
,FALSE,,,,,,,,,,,
,FALSE,,,,,,,,,,,
,FALSE,,,,,,,,,,,
,FALSE,,,,,,,,,,,
,FALSE,,,,,,,,,,,
,FALSE,,,,,,,,,,,
,FALSE,,,,,,,,,,,
,FALSE,,,,,,,,,,,
,FALSE,,,,,,,,,,,
,FALSE,,,,,,,,,,,
,FALSE,,,,,,,,,,,
,FALSE,,,,,,,,,,,
,FALSE,,,,,,,,,,,
,FALSE,,,,,,,,,,,
,FALSE,,,,,,,,,,,
,FALSE,,,,,,,,,,,
,FALSE,,,,,,,,,,,
,FALSE,,,,,,,,,,,
,FALSE,,,,,,,,,,,
,FALSE,,,,,,,,,,,
,FALSE,,,,,,,,,,,
,FALSE,,,,,,,,,,,
,FALSE,,,,,,,,,,,
,FALSE,,,,,,,,,,,
,FALSE,,,,,,,,,,,
,FALSE,,,,,,,,,,,
,FALSE,,,,,,,,,,,
,FALSE,,,,,,,,,,,
,FALSE,,,,,,,,,,,
,FALSE,,,,,,,,,,,
,FALSE,,,,,,,,,,,
,FALSE,,,,,,,,,,,
,FALSE,,,,,,,,,,,
,FALSE,,,,,,,,,,,
,FALSE,,,,,,,,,,,
,FALSE,,,,,,,,,,,
,FALSE,,,,,,,,,,,
,FALSE,,,,,,,,,,,
,FALSE,,,,,,,,,,,
,FALSE,,,,,,,,,,,
,FALSE,,,,,,,,,,,
,FALSE,,,,,,,,,,,
,FALSE,,,,,,,,,,,
,FALSE,,,,,,,,,,,
,FALSE,,,,,,,,,,,
,FALSE,,,,,,,,,,,
,FALSE,,,,,,,,,,,
,FALSE,,,,,,,,,,,
,FALSE,,,,,,,,,,,
,FALSE,,,,,,,,,,,
,FALSE,,,,,,,,,,,
,FALSE,,,,,,,,,,,
,FALSE,,,,,,,,,,,
,FALSE,,,,,,,,,,,
,FALSE,,,,,,,,,,,
,FALSE,,,,,,,,,,,
,FALSE,,,,,,,,,,,
,FALSE,,,,,,,,,,,
,FALSE,,,,,,,,,,,
,FALSE,,,,,,,,,,,
,FALSE,,,,,,,,,,,
,FALSE,,,,,,,,,,,
,FALSE,,,,,,,,,,,
,FALSE,,,,,,,,,,,
,FALSE,,,,,,,,,,,
,FALSE,,,,,,,,,,,
,FALSE,,,,,,,,,,,
,FALSE,,,,,,,,,,,
,FALSE,,,,,,,,,,,
,FALSE,,,,,,,,,,,
,FALSE,,,,,,,,,,,
,FALSE,,,,,,,,,,,
,FALSE,,,,,,,,,,,
,FALSE,,,,,,,,,,,
,FALSE,,,,,,,,,,,
,FALSE,,,,,,,,,,,
,FALSE,,,,,,,,,,,
,FALSE,,,,,,,,,,,
,FALSE,,,,,,,,,,,
,FALSE,,,,,,,,,,,
,FALSE,,,,,,,,,,,
,FALSE,,,,,,,,,,,
,FALSE,,,,,,,,,,,
,FALSE,,,,,,,,,,,
,FALSE,,,,,,,,,,,
,FALSE,,,,,,,,,,,
,FALSE,,,,,,,,,,,
,FALSE,,,,,,,,,,,
,FALSE,,,,,,,,,,,
,FALSE,,,,,,,,,,,
,FALSE,,,,,,,,,,,
,FALSE,,,,,,,,,,,
,FALSE,,,,,,,,,,,
,FALSE,,,,,,,,,,,
,FALSE,,,,,,,,,,,
,FALSE,,,,,,,,,,,
,FALSE,,,,,,,,,,,
,FALSE,,,,,,,,,,,
,FALSE,,,,,,,,,,,
,FALSE,,,,,,,,,,,
,FALSE,,,,,,,,,,,
,FALSE,,,,,,,,,,,
,FALSE,,,,,,,,,,,
,FALSE,,,,,,,,,,,
,FALSE,,,,,,,,,,,
,FALSE,,,,,,,,,,,
,FALSE,,,,,,,,,,,
,FALSE,,,,,,,,,,,
,FALSE,,,,,,,,,,,
,FALSE,,,,,,,,,,,
,FALSE,,,,,,,,,,,
,FALSE,,,,,,,,,,,
,FALSE,,,,,,,,,,,
,FALSE,,,,,,,,,,,
,FALSE,,,,,,,,,,,
,FALSE,,,,,,,,,,,
,FALSE,,,,,,,,,,,
,FALSE,,,,,,,,,,,
,FALSE,,,,,,,,,,,
,FALSE,,,,,,,,,,,
,FALSE,,,,,,,,,,,
,FALSE,,,,,,,,,,,
,FALSE,,,,,,,,,,,
,FALSE,,,,,,,,,,,
,FALSE,,,,,,,,,,,
,FALSE,,,,,,,,,,,
,FALSE,,,,,,,,,,,
,FALSE,,,,,,,,,,,
,FALSE,,,,,,,,,,,
,FALSE,,,,,,,,,,,
,FALSE,,,,,,,,,,,
,FALSE,,,,,,,,,,,
,FALSE,,,,,,,,,,,
,FALSE,,,,,,,,,,,
,FALSE,,,,,,,,,,,
,FALSE,,,,,,,,,,,
,FALSE,,,,,,,,,,,
,FALSE,,,,,,,,,,,
,FALSE,,,,,,,,,,,
,FALSE,,,,,,,,,,,
,FALSE,,,,,,,,,,,
,FALSE,,,,,,,,,,,
,FALSE,,,,,,,,,,,
,FALSE,,,,,,,,,,,
,FALSE,,,,,,,,,,,
,FALSE,,,,,,,,,,,
,FALSE,,,,,,,,,,,
,FALSE,,,,,,,,,,,
,FALSE,,,,,,,,,,,
,FALSE,,,,,,,,,,,
,FALSE,,,,,,,,,,,
,FALSE,,,,,,,,,,,
,FALSE,,,,,,,,,,,
,FALSE,,,,,,,,,,,
,FALSE,,,,,,,,,,,
,FALSE,,,,,,,,,,,
,FALSE,,,,,,,,,,,
,FALSE,,,,,,,,,,,
,FALSE,,,,,,,,,,,
,FALSE,,,,,,,,,,,
,FALSE,,,,,,,,,,,
,FALSE,,,,,,,,,,,
,FALSE,,,,,,,,,,,
,FALSE,,,,,,,,,,,
,FALSE,,,,,,,,,,,
,FALSE,,,,,,,,,,,
,FALSE,,,,,,,,,,,
,FALSE,,,,,,,,,,,
,FALSE,,,,,,,,,,,
,FALSE,,,,,,,,,,,
,FALSE,,,,,,,,,,,
,FALSE,,,,,,,,,,,
,FALSE,,,,,,,,,,,
,FALSE,,,,,,,,,,,
,FALSE,,,,,,,,,,,
,FALSE,,,,,,,,,,,
,FALSE,,,,,,,,,,,
,FALSE,,,,,,,,,,,
,FALSE,,,,,,,,,,,
,FALSE,,,,,,,,,,,
,FALSE,,,,,,,,,,,
,FALSE,,,,,,,,,,,
,FALSE,,,,,,,,,,,
,FALSE,,,,,,,,,,,
,FALSE,,,,,,,,,,,
,FALSE,,,,,,,,,,,
,FALSE,,,,,,,,,,,
,FALSE,,,,,,,,,,,
,FALSE,,,,,,,,,,,
,FALSE,,,,,,,,,,,
,FALSE,,,,,,,,,,,
,FALSE,,,,,,,,,,,
,FALSE,,,,,,,,,,,
,FALSE,,,,,,,,,,,
,FALSE,,,,,,,,,,,
,FALSE,,,,,,,,,,,
,FALSE,,,,,,,,,,,
,FALSE,,,,,,,,,,,
,FALSE,,,,,,,,,,,
,FALSE,,,,,,,,,,,
,FALSE,,,,,,,,,,,
,FALSE,,,,,,,,,,,
,FALSE,,,,,,,,,,,
,FALSE,,,,,,,,,,,
,FALSE,,,,,,,,,,,
,FALSE,,,,,,,,,,,
,FALSE,,,,,,,,,,,
,FALSE,,,,,,,,,,,
,FALSE,,,,,,,,,,,
,FALSE,,,,,,,,,,,
,FALSE,,,,,,,,,,,
,FALSE,,,,,,,,,,,
,FALSE,,,,,,,,,,,
,FALSE,,,,,,,,,,,
,FALSE,,,,,,,,,,,
,FALSE,,,,,,,,,,,
,FALSE,,,,,,,,,,,
,FALSE,,,,,,,,,,,
,FALSE,,,,,,,,,,,
,FALSE,,,,,,,,,,,
,FALSE,,,,,,,,,,,
,FALSE,,,,,,,,,,,
,FALSE,,,,,,,,,,,
,FALSE,,,,,,,,,,,
,FALSE,,,,,,,,,,,
,FALSE,,,,,,,,,,,
,FALSE,,,,,,,,,,,
,FALSE,,,,,,,,,,,
,FALSE,,,,,,,,,,,
,FALSE,,,,,,,,,,,
,FALSE,,,,,,,,,,,
,FALSE,,,,,,,,,,,
,FALSE,,,,,,,,,,,
,FALSE,,,,,,,,,,,
,FALSE,,,,,,,,,,,
,FALSE,,,,,,,,,,,
,FALSE,,,,,,,,,,,
,FALSE,,,,,,,,,,,
,FALSE,,,,,,,,,,,
,FALSE,,,,,,,,,,,
,FALSE,,,,,,,,,,,
,FALSE,,,,,,,,,,,
,FALSE,,,,,,,,,,,
,FALSE,,,,,,,,,,,
,FALSE,,,,,,,,,,,
,FALSE,,,,,,,,,,,
,FALSE,,,,,,,,,,,
,FALSE,,,,,,,,,,,
,FALSE,,,,,,,,,,,
,FALSE,,,,,,,,,,,
,FALSE,,,,,,,,,,,
,FALSE,,,,,,,,,,,
,FALSE,,,,,,,,,,,
,FALSE,,,,,,,,,,,
,FALSE,,,,,,,,,,,
,FALSE,,,,,,,,,,,
,FALSE,,,,,,,,,,,
,FALSE,,,,,,,,,,,
,FALSE,,,,,,,,,,,
,FALSE,,,,,,,,,,,
,FALSE,,,,,,,,,,,
,FALSE,,,,,,,,,,,
,FALSE,,,,,,,,,,,
,FALSE,,,,,,,,,,,
,FALSE,,,,,,,,,,,
,FALSE,,,,,,,,,,,
,FALSE,,,,,,,,,,,
,FALSE,,,,,,,,,,,
,FALSE,,,,,,,,,,,
,FALSE,,,,,,,,,,,
,FALSE,,,,,,,,,,,
,FALSE,,,,,,,,,,,
,FALSE,,,,,,,,,,,
,FALSE,,,,,,,,,,,
,FALSE,,,,,,,,,,,
,FALSE,,,,,,,,,,,
,FALSE,,,,,,,,,,,
,FALSE,,,,,,,,,,,
,FALSE,,,,,,,,,,,
,FALSE,,,,,,,,,,,
,FALSE,,,,,,,,,,,
,FALSE,,,,,,,,,,,
,FALSE,,,,,,,,,,,
,FALSE,,,,,,,,,,,
,FALSE,,,,,,,,,,,
,FALSE,,,,,,,,,,,
,FALSE,,,,,,,,,,,
,FALSE,,,,,,,,,,,
,FALSE,,,,,,,,,,,
,FALSE,,,,,,,,,,,
,FALSE,,,,,,,,,,,
,FALSE,,,,,,,,,,,
,FALSE,,,,,,,,,,,
,FALSE,,,,,,,,,,,
,FALSE,,,,,,,,,,,
,FALSE,,,,,,,,,,,
,FALSE,,,,,,,,,,,
,FALSE,,,,,,,,,,,
,FALSE,,,,,,,,,,,
,FALSE,,,,,,,,,,,
,FALSE,,,,,,,,,,,
,FALSE,,,,,,,,,,,
,FALSE,,,,,,,,,,,
,FALSE,,,,,,,,,,,
,FALSE,,,,,,,,,,,
,FALSE,,,,,,,,,,,
,FALSE,,,,,,,,,,,
,FALSE,,,,,,,,,,,
,FALSE,,,,,,,,,,,
,FALSE,,,,,,,,,,,
,FALSE,,,,,,,,,,,
,FALSE,,,,,,,,,,,
,FALSE,,,,,,,,,,,
,FALSE,,,,,,,,,,,
,FALSE,,,,,,,,,,,
,FALSE,,,,,,,,,,,
,FALSE,,,,,,,,,,,
,FALSE,,,,,,,,,,,
,FALSE,,,,,,,,,,,
,FALSE,,,,,,,,,,,
,FALSE,,,,,,,,,,,
,FALSE,,,,,,,,,,,
,FALSE,,,,,,,,,,,
,FALSE,,,,,,,,,,,
,FALSE,,,,,,,,,,,
,FALSE,,,,,,,,,,,
,FALSE,,,,,,,,,,,
,FALSE,,,,,,,,,,,
,FALSE,,,,,,,,,,,
,FALSE,,,,,,,,,,,
,FALSE,,,,,,,,,,,
,FALSE,,,,,,,,,,,
,FALSE,,,,,,,,,,,
,FALSE,,,,,,,,,,,
,FALSE,,,,,,,,,,,
,FALSE,,,,,,,,,,,
,FALSE,,,,,,,,,,,
,FALSE,,,,,,,,,,,
,FALSE,,,,,,,,,,,
,FALSE,,,,,,,,,,,
,FALSE,,,,,,,,,,,
,FALSE,,,,,,,,,,,
,FALSE,,,,,,,,,,,
,FALSE,,,,,,,,,,,
,FALSE,,,,,,,,,,,
,FALSE,,,,,,,,,,,
,FALSE,,,,,,,,,,,
,FALSE,,,,,,,,,,,
,FALSE,,,,,,,,,,,
,FALSE,,,,,,,,,,,
,FALSE,,,,,,,,,,,
,FALSE,,,,,,,,,,,
,FALSE,,,,,,,,,,,
,FALSE,,,,,,,,,,,
,FALSE,,,,,,,,,,,
,FALSE,,,,,,,,,,,
,FALSE,,,,,,,,,,,
,FALSE,,,,,,,,,,,
,FALSE,,,,,,,,,,,
,FALSE,,,,,,,,,,,
,FALSE,,,,,,,,,,,
,FALSE,,,,,,,,,,,
,FALSE,,,,,,,,,,,
,FALSE,,,,,,,,,,,
,FALSE,,,,,,,,,,,
,FALSE,,,,,,,,,,,
,FALSE,,,,,,,,,,,
,FALSE,,,,,,,,,,,
,FALSE,,,,,,,,,,,
,FALSE,,,,,,,,,,,
,FALSE,,,,,,,,,,,
,FALSE,,,,,,,,,,,
,FALSE,,,,,,,,,,,
,FALSE,,,,,,,,,,,
,FALSE,,,,,,,,,,,
,FALSE,,,,,,,,,,,
,FALSE,,,,,,,,,,,
,FALSE,,,,,,,,,,,
,FALSE,,,,,,,,,,,
,FALSE,,,,,,,,,,,
,FALSE,,,,,,,,,,,
,FALSE,,,,,,,,,,,
,FALSE,,,,,,,,,,,
,FALSE,,,,,,,,,,,
,FALSE,,,,,,,,,,,
,FALSE,,,,,,,,,,,
,FALSE,,,,,,,,,,,
,FALSE,,,,,,,,,,,
,FALSE,,,,,,,,,,,
,FALSE,,,,,,,,,,,
,FALSE,,,,,,,,,,,
,FALSE,,,,,,,,,,,
,FALSE,,,,,,,,,,,
,FALSE,,,,,,,,,,,
,FALSE,,,,,,,,,,,
,FALSE,,,,,,,,,,,
,FALSE,,,,,,,,,,,
,FALSE,,,,,,,,,,,
,FALSE,,,,,,,,,,,
,FALSE,,,,,,,,,,,
,FALSE,,,,,,,,,,,
,FALSE,,,,,,,,,,,
,FALSE,,,,,,,,,,,
,FALSE,,,,,,,,,,,
,FALSE,,,,,,,,,,,
,FALSE,,,,,,,,,,,
,FALSE,,,,,,,,,,,
,FALSE,,,,,,,,,,,
,FALSE,,,,,,,,,,,
,FALSE,,,,,,,,,,,
,FALSE,,,,,,,,,,,
,FALSE,,,,,,,,,,,
,FALSE,,,,,,,,,,,
,FALSE,,,,,,,,,,,
,FALSE,,,,,,,,,,,
,FALSE,,,,,,,,,,,
,FALSE,,,,,,,,,,,
,FALSE,,,,,,,,,,,
,FALSE,,,,,,,,,,,
,FALSE,,,,,,,,,,,
,FALSE,,,,,,,,,,,
,FALSE,,,,,,,,,,,
,FALSE,,,,,,,,,,,
,FALSE,,,,,,,,,,,
,FALSE,,,,,,,,,,,
,FALSE,,,,,,,,,,,
,FALSE,,,,,,,,,,,
,FALSE,,,,,,,,,,,
,FALSE,,,,,,,,,,,
,FALSE,,,,,,,,,,,
,FALSE,,,,,,,,,,,
,FALSE,,,,,,,,,,,
,FALSE,,,,,,,,,,,
,FALSE,,,,,,,,,,,
,FALSE,,,,,,,,,,,
,FALSE,,,,,,,,,,,
,FALSE,,,,,,,,,,,
,FALSE,,,,,,,,,,,
,FALSE,,,,,,,,,,,
,FALSE,,,,,,,,,,,
,FALSE,,,,,,,,,,,
,FALSE,,,,,,,,,,,
,FALSE,,,,,,,,,,,
,FALSE,,,,,,,,,,,
,FALSE,,,,,,,,,,,
,FALSE,,,,,,,,,,,
,FALSE,,,,,,,,,,,
,FALSE,,,,,,,,,,,
,FALSE,,,,,,,,,,,
,FALSE,,,,,,,,,,,
,FALSE,,,,,,,,,,,
,FALSE,,,,,,,,,,,
,FALSE,,,,,,,,,,,
,FALSE,,,,,,,,,,,
,FALSE,,,,,,,,,,,
,FALSE,,,,,,,,,,,
,FALSE,,,,,,,,,,,
,FALSE,,,,,,,,,,,
,FALSE,,,,,,,,,,,
,FALSE,,,,,,,,,,,
,FALSE,,,,,,,,,,,
,FALSE,,,,,,,,,,,
,FALSE,,,,,,,,,,,
,FALSE,,,,,,,,,,,
,FALSE,,,,,,,,,,,
,FALSE,,,,,,,,,,,
,FALSE,,,,,,,,,,,
,FALSE,,,,,,,,,,,
,FALSE,,,,,,,,,,,
,FALSE,,,,,,,,,,,
,FALSE,,,,,,,,,,,
,FALSE,,,,,,,,,,,
,FALSE,,,,,,,,,,,
,FALSE,,,,,,,,,,,
,FALSE,,,,,,,,,,,
,FALSE,,,,,,,,,,,
,FALSE,,,,,,,,,,,
,FALSE,,,,,,,,,,,
,FALSE,,,,,,,,,,,
,FALSE,,,,,,,,,,,
,FALSE,,,,,,,,,,,
,FALSE,,,,,,,,,,,
,FALSE,,,,,,,,,,,
,FALSE,,,,,,,,,,,
,FALSE,,,,,,,,,,,
,FALSE,,,,,,,,,,,
,FALSE,,,,,,,,,,,
,FALSE,,,,,,,,,,,
,FALSE,,,,,,,,,,,
,FALSE,,,,,,,,,,,
,FALSE,,,,,,,,,,,
,FALSE,,,,,,,,,,,
,FALSE,,,,,,,,,,,
,FALSE,,,,,,,,,,,
,FALSE,,,,,,,,,,,
,FALSE,,,,,,,,,,,
,FALSE,,,,,,,,,,,
,FALSE,,,,,,,,,,,
,FALSE,,,,,,,,,,,
,FALSE,,,,,,,,,,,
,FALSE,,,,,,,,,,,
,FALSE,,,,,,,,,,,
,FALSE,,,,,,,,,,,
,FALSE,,,,,,,,,,,
,FALSE,,,,,,,,,,,
,FALSE,,,,,,,,,,,
,FALSE,,,,,,,,,,,
,FALSE,,,,,,,,,,,
,FALSE,,,,,,,,,,,
,FALSE,,,,,,,,,,,
,FALSE,,,,,,,,,,,
,FALSE,,,,,,,,,,,
,FALSE,,,,,,,,,,,
,FALSE,,,,,,,,,,,
,FALSE,,,,,,,,,,,
,FALSE,,,,,,,,,,,
,FALSE,,,,,,,,,,,
,FALSE,,,,,,,,,,,
,FALSE,,,,,,,,,,,
,FALSE,,,,,,,,,,,
,FALSE,,,,,,,,,,,
,FALSE,,,,,,,,,,,
,FALSE,,,,,,,,,,,
,FALSE,,,,,,,,,,,
,FALSE,,,,,,,,,,,
,FALSE,,,,,,,,,,,
,FALSE,,,,,,,,,,,
,FALSE,,,,,,,,,,,
,FALSE,,,,,,,,,,,
,FALSE,,,,,,,,,,,
,FALSE,,,,,,,,,,,
,FALSE,,,,,,,,,,,
,FALSE,,,,,,,,,,,
,FALSE,,,,,,,,,,,
,FALSE,,,,,,,,,,,
,FALSE,,,,,,,,,,,
,FALSE,,,,,,,,,,,
,FALSE,,,,,,,,,,,
,FALSE,,,,,,,,,,,
,FALSE,,,,,,,,,,,
,FALSE,,,,,,,,,,,
,FALSE,,,,,,,,,,,
,FALSE,,,,,,,,,,,
,FALSE,,,,,,,,,,,
,FALSE,,,,,,,,,,,
,FALSE,,,,,,,,,,,
,FALSE,,,,,,,,,,,
,FALSE,,,,,,,,,,,
,FALSE,,,,,,,,,,,
,FALSE,,,,,,,,,,,
,FALSE,,,,,,,,,,,
,FALSE,,,,,,,,,,,
,FALSE,,,,,,,,,,,
,FALSE,,,,,,,,,,,
,FALSE,,,,,,,,,,,
,FALSE,,,,,,,,,,,
,FALSE,,,,,,,,,,,
,FALSE,,,,,,,,,,,
,FALSE,,,,,,,,,,,
,FALSE,,,,,,,,,,,
,FALSE,,,,,,,,,,,
,FALSE,,,,,,,,,,,
,FALSE,,,,,,,,,,,
,FALSE,,,,,,,,,,,
,FALSE,,,,,,,,,,,
,FALSE,,,,,,,,,,,
,FALSE,,,,,,,,,,,
,FALSE,,,,,,,,,,,
,FALSE,,,,,,,,,,,
,FALSE,,,,,,,,,,,
,FALSE,,,,,,,,,,,
,FALSE,,,,,,,,,,,
,FALSE,,,,,,,,,,,
,FALSE,,,,,,,,,,,
,FALSE,,,,,,,,,,,
,FALSE,,,,,,,,,,,
,FALSE,,,,,,,,,,,
,FALSE,,,,,,,,,,,
,FALSE,,,,,,,,,,,
,FALSE,,,,,,,,,,,
,FALSE,,,,,,,,,,,
,FALSE,,,,,,,,,,,
,FALSE,,,,,,,,,,,
,FALSE,,,,,,,,,,,
,FALSE,,,,,,,,,,,
,FALSE,,,,,,,,,,,
,FALSE,,,,,,,,,,,
,FALSE,,,,,,,,,,,
,FALSE,,,,,,,,,,,
,FALSE,,,,,,,,,,,
,FALSE,,,,,,,,,,,
,FALSE,,,,,,,,,,,
,FALSE,,,,,,,,,,,
,FALSE,,,,,,,,,,,
,FALSE,,,,,,,,,,,
,FALSE,,,,,,,,,,,
,FALSE,,,,,,,,,,,
,FALSE,,,,,,,,,,,
,FALSE,,,,,,,,,,,
,FALSE,,,,,,,,,,,
,FALSE,,,,,,,,,,,
,FALSE,,,,,,,,,,,
,FALSE,,,,,,,,,,,
,FALSE,,,,,,,,,,,
,FALSE,,,,,,,,,,,
,FALSE,,,,,,,,,,,
,FALSE,,,,,,,,,,,
,FALSE,,,,,,,,,,,
,FALSE,,,,,,,,,,,
,FALSE,,,,,,,,,,,
,FALSE,,,,,,,,,,,
,FALSE,,,,,,,,,,,
,FALSE,,,,,,,,,,,
,FALSE,,,,,,,,,,,
,FALSE,,,,,,,,,,,
,FALSE,,,,,,,,,,,
,FALSE,,,,,,,,,,,
,FALSE,,,,,,,,,,,
,FALSE,,,,,,,,,,,
,FALSE,,,,,,,,,,,
,FALSE,,,,,,,,,,,
,FALSE,,,,,,,,,,,
,FALSE,,,,,,,,,,,
,FALSE,,,,,,,,,,,
,FALSE,,,,,,,,,,,
,FALSE,,,,,,,,,,,
,FALSE,,,,,,,,,,,
,FALSE,,,,,,,,,,,
,FALSE,,,,,,,,,,,
,FALSE,,,,,,,,,,,
,FALSE,,,,,,,,,,,
,FALSE,,,,,,,,,,,
,FALSE,,,,,,,,,,,
,FALSE,,,,,,,,,,,
,FALSE,,,,,,,,,,,
,FALSE,,,,,,,,,,,
,FALSE,,,,,,,,,,,
,FALSE,,,,,,,,,,,
,FALSE,,,,,,,,,,,
,FALSE,,,,,,,,,,,
,FALSE,,,,,,,,,,,
,FALSE,,,,,,,,,,,
,FALSE,,,,,,,,,,,
,FALSE,,,,,,,,,,,
,FALSE,,,,,,,,,,,
,FALSE,,,,,,,,,,,
,FALSE,,,,,,,,,,,
,FALSE,,,,,,,,,,,
,FALSE,,,,,,,,,,,
,FALSE,,,,,,,,,,,
,FALSE,,,,,,,,,,,
,FALSE,,,,,,,,,,,
,FALSE,,,,,,,,,,,
,FALSE,,,,,,,,,,,
,FALSE,,,,,,,,,,,
,FALSE,,,,,,,,,,,
,FALSE,,,,,,,,,,,
,FALSE,,,,,,,,,,,
,FALSE,,,,,,,,,,,
,FALSE,,,,,,,,,,,
,FALSE,,,,,,,,,,,
,FALSE,,,,,,,,,,,
,FALSE,,,,,,,,,,,
,FALSE,,,,,,,,,,,
,FALSE,,,,,,,,,,,
,FALSE,,,,,,,,,,,
,FALSE,,,,,,,,,,,
,FALSE,,,,,,,,,,,
,FALSE,,,,,,,,,,,
,FALSE,,,,,,,,,,,
,FALSE,,,,,,,,,,,
,FALSE,,,,,,,,,,,
,FALSE,,,,,,,,,,,
,FALSE,,,,,,,,,,,
,FALSE,,,,,,,,,,,
,FALSE,,,,,,,,,,,
,FALSE,,,,,,,,,,,
,FALSE,,,,,,,,,,,
,FALSE,,,,,,,,,,,
,FALSE,,,,,,,,,,,
,FALSE,,,,,,,,,,,
,FALSE,,,,,,,,,,,
,FALSE,,,,,,,,,,,
,FALSE,,,,,,,,,,,
,FALSE,,,,,,,,,,,
,FALSE,,,,,,,,,,,
,FALSE,,,,,,,,,,,
,FALSE,,,,,,,,,,,
,FALSE,,,,,,,,,,,
,FALSE,,,,,,,,,,,
,FALSE,,,,,,,,,,,
,FALSE,,,,,,,,,,,
,FALSE,,,,,,,,,,,
,FALSE,,,,,,,,,,,
,FALSE,,,,,,,,,,,
,FALSE,,,,,,,,,,,
,FALSE,,,,,,,,,,,
,FALSE,,,,,,,,,,,
,FALSE,,,,,,,,,,,
,FALSE,,,,,,,,,,,
,FALSE,,,,,,,,,,,
,FALSE,,,,,,,,,,,
,FALSE,,,,,,,,,,,
,FALSE,,,,,,,,,,,
,FALSE,,,,,,,,,,,
,FALSE,,,,,,,,,,,
,FALSE,,,,,,,,,,,
,FALSE,,,,,,,,,,,
,FALSE,,,,,,,,,,,
,FALSE,,,,,,,,,,,
,FALSE,,,,,,,,,,,
,FALSE,,,,,,,,,,,
,FALSE,,,,,,,,,,,
,FALSE,,,,,,,,,,,
,FALSE,,,,,,,,,,,
,FALSE,,,,,,,,,,,
,FALSE,,,,,,,,,,,
,FALSE,,,,,,,,,,,
,FALSE,,,,,,,,,,,
,FALSE,,,,,,,,,,,
,FALSE,,,,,,,,,,,
,FALSE,,,,,,,,,,,
,FALSE,,,,,,,,,,,
,FALSE,,,,,,,,,,,
,FALSE,,,,,,,,,,,
,FALSE,,,,,,,,,,,
,FALSE,,,,,,,,,,,
,FALSE,,,,,,,,,,,
,FALSE,,,,,,,,,,,
,FALSE,,,,,,,,,,,
,FALSE,,,,,,,,,,,
,FALSE,,,,,,,,,,,
,FALSE,,,,,,,,,,,
,FALSE,,,,,,,,,,,
,FALSE,,,,,,,,,,,
,FALSE,,,,,,,,,,,
,FALSE,,,,,,,,,,,
,FALSE,,,,,,,,,,,
,FALSE,,,,,,,,,,,
,FALSE,,,,,,,,,,,
,FALSE,,,,,,,,,,,
,FALSE,,,,,,,,,,,
,FALSE,,,,,,,,,,,
,FALSE,,,,,,,,,,,
,FALSE,,,,,,,,,,,
,FALSE,,,,,,,,,,,
,FALSE,,,,,,,,,,,
,FALSE,,,,,,,,,,,
,FALSE,,,,,,,,,,,
,FALSE,,,,,,,,,,,
,FALSE,,,,,,,,,,,
,FALSE,,,,,,,,,,,
,FALSE,,,,,,,,,,,
,FALSE,,,,,,,,,,,
,FALSE,,,,,,,,,,,
,FALSE,,,,,,,,,,,
,FALSE,,,,,,,,,,,
,FALSE,,,,,,,,,,,
,FALSE,,,,,,,,,,,
,FALSE,,,,,,,,,,,
,FALSE,,,,,,,,,,,
,FALSE,,,,,,,,,,,
,FALSE,,,,,,,,,,,
,FALSE,,,,,,,,,,,
,FALSE,,,,,,,,,,,
,FALSE,,,,,,,,,,,
,FALSE,,,,,,,,,,,
,FALSE,,,,,,,,,,,
,FALSE,,,,,,,,,,,
,FALSE,,,,,,,,,,,
,FALSE,,,,,,,,,,,
,FALSE,,,,,,,,,,,
,FALSE,,,,,,,,,,,
,FALSE,,,,,,,,,,,
,FALSE,,,,,,,,,,,
,FALSE,,,,,,,,,,,
,FALSE,,,,,,,,,,,
,FALSE,,,,,,,,,,,
,FALSE,,,,,,,,,,,
,FALSE,,,,,,,,,,,
,FALSE,,,,,,,,,,,
,FALSE,,,,,,,,,,,
,FALSE,,,,,,,,,,,
,FALSE,,,,,,,,,,,
,FALSE,,,,,,,,,,,
,FALSE,,,,,,,,,,,
,FALSE,,,,,,,,,,,
,FALSE,,,,,,,,,,,
,FALSE,,,,,,,,,,,
,FALSE,,,,,,,,,,,
,FALSE,,,,,,,,,,,
,FALSE,,,,,,,,,,,
,FALSE,,,,,,,,,,,
,FALSE,,,,,,,,,,,
,FALSE,,,,,,,,,,,
,FALSE,,,,,,,,,,,
,FALSE,,,,,,,,,,,
,FALSE,,,,,,,,,,,
,FALSE,,,,,,,,,,,
,FALSE,,,,,,,,,,,
,FALSE,,,,,,,,,,,
,FALSE,,,,,,,,,,,
,FALSE,,,,,,,,,,,
,FALSE,,,,,,,,,,,
,FALSE,,,,,,,,,,,
,FALSE,,,,,,,,,,,
,FALSE,,,,,,,,,,,
,FALSE,,,,,,,,,,,
,FALSE,,,,,,,,,,,
,FALSE,,,,,,,,,,,
,FALSE,,,,,,,,,,,
,FALSE,,,,,,,,,,,
,FALSE,,,,,,,,,,,
,FALSE,,,,,,,,,,,
,FALSE,,,,,,,,,,,
,FALSE,,,,,,,,,,,
,FALSE,,,,,,,,,,,
,FALSE,,,,,,,,,,,
,FALSE,,,,,,,,,,,
,FALSE,,,,,,,,,,,
,FALSE,,,,,,,,,,,
,FALSE,,,,,,,,,,,
,FALSE,,,,,,,,,,,
,FALSE,,,,,,,,,,,
,FALSE,,,,,,,,,,,
,FALSE,,,,,,,,,,,
,FALSE,,,,,,,,,,,
,FALSE,,,,,,,,,,,
,FALSE,,,,,,,,,,,
,FALSE,,,,,,,,,,,
,FALSE,,,,,,,,,,,
,FALSE,,,,,,,,,,,
,FALSE,,,,,,,,,,,
,FALSE,,,,,,,,,,,
,FALSE,,,,,,,,,,,
,FALSE,,,,,,,,,,,
,FALSE,,,,,,,,,,,
,FALSE,,,,,,,,,,,
,FALSE,,,,,,,,,,,
,FALSE,,,,,,,,,,,
,FALSE,,,,,,,,,,,
,FALSE,,,,,,,,,,,
,FALSE,,,,,,,,,,,
,FALSE,,,,,,,,,,,
,FALSE,,,,,,,,,,,
,FALSE,,,,,,,,,,,
,FALSE,,,,,,,,,,,
,FALSE,,,,,,,,,,,
,FALSE,,,,,,,,,,,
,FALSE,,,,,,,,,,,
,FALSE,,,,,,,,,,,
,FALSE,,,,,,,,,,,
,FALSE,,,,,,,,,,,
,FALSE,,,,,,,,,,,
,FALSE,,,,,,,,,,,
,FALSE,,,,,,,,,,,
,FALSE,,,,,,,,,,,
,FALSE,,,,,,,,,,,
,FALSE,,,,,,,,,,,
,FALSE,,,,,,,,,,,
,FALSE,,,,,,,,,,,
,FALSE,,,,,,,,,,,
,FALSE,,,,,,,,,,,
,FALSE,,,,,,,,,,,
,FALSE,,,,,,,,,,,
,FALSE,,,,,,,,,,,
,FALSE,,,,,,,,,,,
,FALSE,,,,,,,,,,,
,FALSE,,,,,,,,,,,
,FALSE,,,,,,,,,,,
,FALSE,,,,,,,,,,,
,FALSE,,,,,,,,,,,
,FALSE,,,,,,,,,,,